Model,MAE,MASE
Baseline,455.65067418809633,0.2373590449899296
