Model,MAE,MASE
Baseline,6.384383096737732,0.003949360655980813
Tuned,7.161613021414764,0.004430152807494853
